{"cameraMode":{"drawMode":0,"name":"Shaded","section":"Shading Mode"},"sceneLighting":false,"audioPlay":false,"sceneViewState":{"m_AlwaysRefresh":true,"showFog":true,"showSkybox":false,"showFlares":true,"showImageEffects":true,"showParticleSystems":true,"showVisualEffectGraphs":true,"m_FxEnabled":true},"in2DMode":false,"pivot":{"x":-12.730223655700684,"y":7.357120037078857,"z":19.79921531677246},"rotation":{"x":-0.18188948929309846,"y":0.03716754540801048,"z":-0.006854403298348188,"w":-0.9828044176101685},"size":1.765068531036377,"orthographic":false}