{"cameraMode":{"drawMode":0,"name":"Shaded","section":"Shading Mode"},"sceneLighting":true,"audioPlay":false,"sceneViewState":{"m_AlwaysRefresh":true,"showFog":true,"showSkybox":true,"showFlares":true,"showImageEffects":true,"showParticleSystems":true,"showVisualEffectGraphs":true,"m_FxEnabled":true},"in2DMode":false,"pivot":{"x":11.760812759399414,"y":-33.72645568847656,"z":29.006179809570314},"rotation":{"x":0.3856531083583832,"y":0.17689941823482514,"z":-0.07545692473649979,"w":0.9024956226348877},"size":25.16987419128418,"orthographic":false}