{"cameraMode":{"drawMode":0,"name":"Shaded","section":"Shading Mode"},"sceneLighting":true,"audioPlay":false,"sceneViewState":{"m_AlwaysRefresh":true,"showFog":true,"showSkybox":true,"showFlares":true,"showImageEffects":true,"showParticleSystems":true,"showVisualEffectGraphs":true,"m_FxEnabled":true},"in2DMode":false,"pivot":{"x":2.353890895843506,"y":-15.110599517822266,"z":21.536741256713868},"rotation":{"x":-0.31713351607322695,"y":-0.06165880709886551,"z":0.020722748711705209,"w":-0.9462128281593323},"size":14.185918807983399,"orthographic":false}