{"cameraMode":{"drawMode":0,"name":"Shaded","section":"Shading Mode"},"sceneLighting":true,"audioPlay":false,"sceneViewState":{"m_AlwaysRefresh":true,"showFog":true,"showSkybox":true,"showFlares":true,"showImageEffects":true,"showParticleSystems":true,"showVisualEffectGraphs":true,"m_FxEnabled":true},"in2DMode":false,"pivot":{"x":-33.00843048095703,"y":-74.42078399658203,"z":48.277435302734378},"rotation":{"x":0.39385733008384707,"y":-0.22516736388206483,"z":0.10014863312244415,"w":0.8855206370353699},"size":60.178245544433597,"orthographic":false}