{"cameraMode":{"drawMode":0,"name":"Shaded","section":"Shading Mode"},"sceneLighting":false,"audioPlay":false,"sceneViewState":{"m_AlwaysRefresh":true,"showFog":true,"showSkybox":false,"showFlares":true,"showImageEffects":true,"showParticleSystems":true,"showVisualEffectGraphs":true,"m_FxEnabled":true},"in2DMode":false,"pivot":{"x":1.0495080947875977,"y":0.26996368169784548,"z":-1.357889175415039},"rotation":{"x":-0.02238115482032299,"y":-0.9008588194847107,"z":0.04680188372731209,"w":-0.4311622083187103},"size":1.294405221939087,"orthographic":false}