{"cameraMode":{"drawMode":0,"name":"Shaded","section":"Shading Mode"},"sceneLighting":false,"audioPlay":false,"sceneViewState":{"m_AlwaysRefresh":true,"showFog":true,"showSkybox":false,"showFlares":true,"showImageEffects":true,"showParticleSystems":true,"showVisualEffectGraphs":true,"m_FxEnabled":true},"in2DMode":false,"pivot":{"x":-9.524999618530274,"y":-0.02200007438659668,"z":3.6740000247955324},"rotation":{"x":-0.04423324018716812,"y":-0.9486873745918274,"z":0.15388649702072144,"w":-0.27268943190574648},"size":6.719015598297119,"orthographic":false}