{"cameraMode":{"drawMode":0,"name":"Shaded","section":"Shading Mode"},"sceneLighting":false,"audioPlay":false,"sceneViewState":{"m_AlwaysRefresh":true,"showFog":true,"showSkybox":false,"showFlares":true,"showImageEffects":true,"showParticleSystems":true,"showVisualEffectGraphs":true,"m_FxEnabled":true},"in2DMode":false,"pivot":{"x":-0.006769418716430664,"y":-0.00029115378856658936,"z":0.03383650258183479},"rotation":{"x":-0.0810215026140213,"y":0.6980135440826416,"z":-0.07987993955612183,"w":-0.7072828412055969},"size":0.17592377960681916,"orthographic":false}