{"cameraMode":{"drawMode":0,"name":"Shaded","section":"Shading Mode"},"sceneLighting":false,"audioPlay":false,"sceneViewState":{"m_AlwaysRefresh":true,"showFog":true,"showSkybox":false,"showFlares":true,"showImageEffects":true,"showParticleSystems":true,"showVisualEffectGraphs":true,"m_FxEnabled":true},"in2DMode":false,"pivot":{"x":-6.447160720825195,"y":0.09000003337860108,"z":-15.892199516296387},"rotation":{"x":-0.13839329779148103,"y":-0.3547622859477997,"z":0.053184863179922107,"w":-0.9231276512145996},"size":3.7737925052642824,"orthographic":false}