{"cameraMode":{"drawMode":0,"name":"Shaded","section":"Shading Mode"},"sceneLighting":false,"audioPlay":false,"sceneViewState":{"m_AlwaysRefresh":true,"showFog":true,"showSkybox":false,"showFlares":true,"showImageEffects":true,"showParticleSystems":true,"showVisualEffectGraphs":true,"m_FxEnabled":true},"in2DMode":false,"pivot":{"x":11.507046699523926,"y":0.07800006866455078,"z":-2.010991096496582},"rotation":{"x":-0.13839329779148103,"y":-0.3547622859477997,"z":0.053184863179922107,"w":-0.9231276512145996},"size":7.653031349182129,"orthographic":false}