{"cameraMode":{"drawMode":0,"name":"Shaded","section":"Shading Mode"},"sceneLighting":false,"audioPlay":false,"sceneViewState":{"m_AlwaysRefresh":true,"showFog":true,"showSkybox":false,"showFlares":true,"showImageEffects":true,"showParticleSystems":true,"showVisualEffectGraphs":true,"m_FxEnabled":true},"in2DMode":false,"pivot":{"x":-0.2367919236421585,"y":-0.13276994228363038,"z":-0.20332002639770509},"rotation":{"x":0.2641570270061493,"y":0.008725832216441632,"z":-0.002233841922134161,"w":0.9645533561706543},"size":1.1931638717651368,"orthographic":false}