{"cameraMode":{"drawMode":0,"name":"Shaded","section":"Shading Mode"},"sceneLighting":false,"audioPlay":false,"sceneViewState":{"m_AlwaysRefresh":true,"showFog":true,"showSkybox":false,"showFlares":true,"showImageEffects":true,"showParticleSystems":true,"showVisualEffectGraphs":true,"m_FxEnabled":true},"in2DMode":false,"pivot":{"x":0.9849222898483276,"y":0.14201021194458009,"z":-3.6866037845611574},"rotation":{"x":-0.009229063987731934,"y":0.9595602750778198,"z":-0.03167697787284851,"w":-0.2795655131340027},"size":1.4481863975524903,"orthographic":false}