{"cameraMode":{"drawMode":0,"name":"Shaded","section":"Shading Mode"},"sceneLighting":false,"audioPlay":false,"sceneViewState":{"m_AlwaysRefresh":true,"showFog":true,"showSkybox":false,"showFlares":true,"showImageEffects":true,"showParticleSystems":true,"showVisualEffectGraphs":true,"m_FxEnabled":true},"in2DMode":false,"pivot":{"x":-1.5202785730361939,"y":-0.18476498126983643,"z":-2.065891742706299},"rotation":{"x":-0.009229063987731934,"y":0.9595602750778198,"z":-0.03167697787284851,"w":-0.2795655131340027},"size":2.948186159133911,"orthographic":false}