{"cameraMode":{"drawMode":0,"name":"Shaded","section":"Shading Mode"},"sceneLighting":false,"audioPlay":false,"sceneViewState":{"m_AlwaysRefresh":true,"showFog":true,"showSkybox":false,"showFlares":true,"showImageEffects":true,"showParticleSystems":true,"showVisualEffectGraphs":true,"m_FxEnabled":true},"in2DMode":false,"pivot":{"x":-0.33785808086395266,"y":-0.42395615577697756,"z":-0.310303270816803},"rotation":{"x":-0.1716631054878235,"y":0.5552152395248413,"z":-0.11831622570753098,"w":-0.8053179979324341},"size":0.8330363631248474,"orthographic":false}