{"cameraMode":{"drawMode":0,"name":"Shaded","section":"Shading Mode"},"sceneLighting":false,"audioPlay":false,"sceneViewState":{"m_AlwaysRefresh":true,"showFog":true,"showSkybox":false,"showFlares":true,"showImageEffects":true,"showParticleSystems":true,"showVisualEffectGraphs":true,"m_FxEnabled":true},"in2DMode":false,"pivot":{"x":7.199623107910156,"y":2.1215429306030275,"z":27.513675689697267},"rotation":{"x":-0.04423324018716812,"y":-0.9486873745918274,"z":0.15388649702072144,"w":-0.27268943190574648},"size":6.298354148864746,"orthographic":false}