{"cameraMode":{"drawMode":0,"name":"Shaded","section":"Shading Mode"},"sceneLighting":false,"audioPlay":false,"sceneViewState":{"m_AlwaysRefresh":true,"showFog":true,"showSkybox":false,"showFlares":true,"showImageEffects":true,"showParticleSystems":true,"showVisualEffectGraphs":true,"m_FxEnabled":true},"in2DMode":false,"pivot":{"x":-0.023999880999326707,"y":-0.29893824458122256,"z":-0.29700061678886416},"rotation":{"x":-0.1716631054878235,"y":0.5552152395248413,"z":-0.11831622570753098,"w":-0.8053179979324341},"size":0.42290955781936648,"orthographic":false}