{"cameraMode":{"drawMode":0,"name":"Shaded","section":"Shading Mode"},"sceneLighting":false,"audioPlay":false,"sceneViewState":{"m_AlwaysRefresh":true,"showFog":true,"showSkybox":false,"showFlares":true,"showImageEffects":true,"showParticleSystems":true,"showVisualEffectGraphs":true,"m_FxEnabled":true},"in2DMode":false,"pivot":{"x":-0.06754124164581299,"y":-0.26697421073913576,"z":-0.32516950368881228},"rotation":{"x":-0.07057484984397888,"y":0.6614580154418945,"z":-0.06265127658843994,"w":-0.7442026734352112},"size":0.42290955781936648,"orthographic":false}