{"cameraMode":{"drawMode":0,"name":"Shaded","section":"Shading Mode"},"sceneLighting":false,"audioPlay":false,"sceneViewState":{"m_AlwaysRefresh":true,"showFog":true,"showSkybox":false,"showFlares":true,"showImageEffects":true,"showParticleSystems":true,"showVisualEffectGraphs":true,"m_FxEnabled":true},"in2DMode":false,"pivot":{"x":2.6385200023651125,"y":-105.20648956298828,"z":79.35955047607422},"rotation":{"x":-0.44573500752449038,"y":-0.009352145716547966,"z":0.004686947446316481,"w":-0.89515221118927},"size":73.31857299804688,"orthographic":false}