{"cameraMode":{"drawMode":0,"name":"Shaded","section":"Shading Mode"},"sceneLighting":false,"audioPlay":false,"sceneViewState":{"m_AlwaysRefresh":true,"showFog":true,"showSkybox":false,"showFlares":true,"showImageEffects":true,"showParticleSystems":true,"showVisualEffectGraphs":true,"m_FxEnabled":true},"in2DMode":false,"pivot":{"x":11.457053184509278,"y":-50.14195251464844,"z":22.520109176635743},"rotation":{"x":0.5094723105430603,"y":0.11544173955917359,"z":-0.06919830292463303,"w":0.8499268889427185},"size":33.633975982666019,"orthographic":false}