{"cameraMode":{"drawMode":0,"name":"Shaded","section":"Shading Mode"},"sceneLighting":false,"audioPlay":false,"sceneViewState":{"m_AlwaysRefresh":true,"showFog":true,"showSkybox":false,"showFlares":true,"showImageEffects":true,"showParticleSystems":true,"showVisualEffectGraphs":true,"m_FxEnabled":true},"in2DMode":false,"pivot":{"x":-3.4766244888305666,"y":-14.830583572387696,"z":-17.639904022216798},"rotation":{"x":-0.051749005913734439,"y":-0.934807538986206,"z":0.3170502781867981,"w":-0.15222914516925813},"size":15.947293281555176,"orthographic":false}