{"cameraMode":{"drawMode":0,"name":"Shaded","section":"Shading Mode"},"sceneLighting":false,"audioPlay":false,"sceneViewState":{"m_AlwaysRefresh":true,"showFog":true,"showSkybox":false,"showFlares":true,"showImageEffects":true,"showParticleSystems":true,"showVisualEffectGraphs":true,"m_FxEnabled":true},"in2DMode":false,"pivot":{"x":1.6043767929077149,"y":-2.9914236068725588,"z":3.1017327308654787},"rotation":{"x":0.39598217606544497,"y":0.1239926889538765,"z":-0.05402689799666405,"w":0.9085877537727356},"size":11.45461654663086,"orthographic":false}