{"cameraMode":{"drawMode":0,"name":"Shaded","section":"Shading Mode"},"sceneLighting":false,"audioPlay":false,"sceneViewState":{"m_AlwaysRefresh":true,"showFog":true,"showSkybox":false,"showFlares":true,"showImageEffects":true,"showParticleSystems":true,"showVisualEffectGraphs":true,"m_FxEnabled":true},"in2DMode":false,"pivot":{"x":35.464115142822269,"y":-113.57380676269531,"z":69.43600463867188},"rotation":{"x":0.456549733877182,"y":-0.0038052378222346308,"z":0.0017874713521450759,"w":0.8899447321891785},"size":32.49251937866211,"orthographic":false}