{"cameraMode":{"drawMode":0,"name":"Shaded","section":"Shading Mode"},"sceneLighting":false,"audioPlay":false,"sceneViewState":{"m_AlwaysRefresh":true,"showFog":true,"showSkybox":false,"showFlares":true,"showImageEffects":true,"showParticleSystems":true,"showVisualEffectGraphs":true,"m_FxEnabled":true},"in2DMode":false,"pivot":{"x":2.2403082847595217,"y":0.35358667373657229,"z":15.94550895690918},"rotation":{"x":-0.04423324018716812,"y":-0.9486873745918274,"z":0.15388649702072144,"w":-0.27268943190574648},"size":16.10601234436035,"orthographic":false}