{"cameraMode":{"drawMode":0,"name":"Shaded","section":"Shading Mode"},"sceneLighting":false,"audioPlay":false,"sceneViewState":{"m_AlwaysRefresh":true,"showFog":true,"showSkybox":false,"showFlares":true,"showImageEffects":true,"showParticleSystems":true,"showVisualEffectGraphs":true,"m_FxEnabled":true},"in2DMode":false,"pivot":{"x":-0.9125131368637085,"y":-19.84760093688965,"z":-20.91266441345215},"rotation":{"x":0.007656767964363098,"y":-0.9352368116378784,"z":0.35362929105758669,"w":0.020208053290843965},"size":21.58713722229004,"orthographic":false}