{"cameraMode":{"drawMode":0,"name":"Shaded","section":"Shading Mode"},"sceneLighting":false,"audioPlay":false,"sceneViewState":{"m_AlwaysRefresh":true,"showFog":true,"showSkybox":false,"showFlares":true,"showImageEffects":true,"showParticleSystems":true,"showVisualEffectGraphs":true,"m_FxEnabled":true},"in2DMode":false,"pivot":{"x":14.376303672790528,"y":-0.4455544948577881,"z":-3.5105690956115724},"rotation":{"x":-0.13839329779148103,"y":-0.3547622859477997,"z":0.053184863179922107,"w":-0.9231276512145996},"size":10.971748352050782,"orthographic":false}