{"cameraMode":{"drawMode":0,"name":"Shaded","section":"Shading Mode"},"sceneLighting":false,"audioPlay":false,"sceneViewState":{"m_AlwaysRefresh":true,"showFog":true,"showSkybox":false,"showFlares":true,"showImageEffects":true,"showParticleSystems":true,"showVisualEffectGraphs":true,"m_FxEnabled":true},"in2DMode":false,"pivot":{"x":0.02904340624809265,"y":0.025630801916122438,"z":0.09169402718544007},"rotation":{"x":0.09541988372802735,"y":0.8833857774734497,"z":-0.20494428277015687,"w":0.410875141620636},"size":0.30189746618270876,"orthographic":false}