{"cameraMode":{"drawMode":0,"name":"Shaded","section":"Shading Mode"},"sceneLighting":false,"audioPlay":false,"sceneViewState":{"m_AlwaysRefresh":true,"showFog":true,"showSkybox":false,"showFlares":true,"showImageEffects":true,"showParticleSystems":true,"showVisualEffectGraphs":true,"m_FxEnabled":true},"in2DMode":false,"pivot":{"x":1.1349966526031495,"y":0.15853309631347657,"z":-0.36411380767822268},"rotation":{"x":-0.24999283254146577,"y":-0.49845680594444277,"z":0.15272270143032075,"w":-0.815924882888794},"size":2.8543708324432375,"orthographic":false}