{"cameraMode":{"drawMode":0,"name":"Shaded","section":"Shading Mode"},"sceneLighting":false,"audioPlay":false,"sceneViewState":{"m_AlwaysRefresh":true,"showFog":true,"showSkybox":false,"showFlares":true,"showImageEffects":true,"showParticleSystems":true,"showVisualEffectGraphs":true,"m_FxEnabled":true},"in2DMode":false,"pivot":{"x":-0.03936123847961426,"y":1.7564576864242554,"z":-0.3391231298446655},"rotation":{"x":-0.24361073970794679,"y":-0.7349222302436829,"z":0.33244505524635317,"w":-0.5385414958000183},"size":3.319911479949951,"orthographic":false}