{"cameraMode":{"drawMode":0,"name":"Shaded","section":"Shading Mode"},"sceneLighting":false,"audioPlay":false,"sceneViewState":{"m_AlwaysRefresh":true,"showFog":true,"showSkybox":false,"showFlares":true,"showImageEffects":true,"showParticleSystems":true,"showVisualEffectGraphs":true,"m_FxEnabled":true},"in2DMode":false,"pivot":{"x":0.08584362268447876,"y":-0.11079466342926026,"z":-0.11425226926803589},"rotation":{"x":0.04811038821935654,"y":0.9475281834602356,"z":-0.16971783339977265,"w":0.26707661151885989},"size":0.2660253643989563,"orthographic":false}