{"cameraMode":{"drawMode":0,"name":"Shaded","section":"Shading Mode"},"sceneLighting":false,"audioPlay":false,"sceneViewState":{"m_AlwaysRefresh":true,"showFog":true,"showSkybox":false,"showFlares":true,"showImageEffects":true,"showParticleSystems":true,"showVisualEffectGraphs":true,"m_FxEnabled":true},"in2DMode":false,"pivot":{"x":-1.0210808515548707,"y":-0.43371498584747317,"z":-0.6157059073448181},"rotation":{"x":-0.07812715321779251,"y":0.8676111698150635,"z":-0.14451611042022706,"w":-0.46964359283447268},"size":0.8660253882408142,"orthographic":false}