{"cameraMode":{"drawMode":0,"name":"Shaded","section":"Shading Mode"},"sceneLighting":false,"audioPlay":false,"sceneViewState":{"m_AlwaysRefresh":true,"showFog":true,"showSkybox":false,"showFlares":true,"showImageEffects":true,"showParticleSystems":true,"showVisualEffectGraphs":true,"m_FxEnabled":true},"in2DMode":false,"pivot":{"x":1.186528205871582,"y":-0.5378172993659973,"z":-0.07737693190574646},"rotation":{"x":0.12522779405117036,"y":0.7823353409767151,"z":-0.16670016944408418,"w":0.5871813297271729},"size":0.9379884600639343,"orthographic":false}